customer_id,last_name,first_name
1,Guzman,Pamela
2,Miller,Kyle
3,Russell,Laura
4,Booth,Jeffrey
5,Stevenson,Adam
6,Lewis,Jimmy
7,Waters,Whitney
8,Willis,Sylvia
9,Smith,Mary
10,Goodman,Bobby
11,Gibson,Stephanie
12,Harper,Samuel
13,Miranda,Harold
14,Thompson,Melissa
15,Robinson,Holly
16,Hill,Paula
17,Marshall,Melissa
18,Whitaker,Matthew
19,Lee,Tammy
20,Lewis,Robert
21,Oliver,Anne
22,Nelson,Robert
23,Foley,Brian
24,Huff,Christina
25,Barrett,Jamie
26,Hernandez,Daniel
27,Scott,Ricky
28,Griffith,Kevin
29,Davidson,Brenda
30,Cannon,Michael
31,Harris,Brooke
32,Gomez,Audrey
33,Stafford,Rachel
34,Cochran,Matthew
35,Brock,Kevin
36,Reid,Tina
37,Moore,Gary
38,House,Tiffany
39,Hartman,Vanessa
40,Gillespie,James
41,Murphy,Christine
42,Reynolds,Andrea
43,Sanchez,Tommy
44,Lynch,Mary
45,Miller,Alexis
46,Hernandez,Gregory
47,Smith,Angela
48,Torres,Kimberly
49,Lee,Stephanie
50,Floyd,Tiffany
51,Anderson,Brandon
52,Santos,Robert
53,Bruce,Katie
54,Thomas,William
55,Stewart,James
56,Martinez,Tara
57,Woods,Kimberly
58,Riggs,Adam
59,Perez,Jennifer
60,Long,Rachel
61,Atkinson,David
62,Morris,Tami
63,Sanchez,Zachary
64,Rios,Matthew
65,Choi,Meredith
66,Campbell,Dylan
67,Carter,Michele
68,Chang,Carmen
69,Perez,Lisa
70,Diaz,Kristen
71,Rush,Nathan
72,Lambert,Jacqueline
73,Allen,Brittney
74,Cooper,Shelley
75,Morgan,Brooke
76,Bradley,John
77,Nguyen,Caleb
78,Frost,Shannon
79,Johnson,Jonathan
80,Hogan,Erica
81,Turner,Diane
82,Crawford,Rebecca
83,Anderson,Brendan
84,Riley,Maria
85,Fitzgerald,Matthew
86,Santana,Barbara
87,Hubbard,Susan
88,Hernandez,Laurie
89,Powell,Michael
90,Chavez,Marilyn
91,Ewing,Denise
92,Cook,Holly
93,Mejia,Rebecca
94,Bailey,Shawn
95,Davidson,Olivia
96,Fox,Matthew
97,Johnson,Donald
98,Collins,Gerald
99,Sparks,David
100,Bailey,Jennifer
101,Thompson,Steven
102,Chase,Charles
103,Medina,Shane
104,Bailey,Amy
105,James,Raymond
106,Norris,Kaitlyn
107,Blackburn,Nathan
108,Jackson,Amanda
109,Nelson,Joseph
110,Miller,Kathy
111,Kim,Robert
112,Lee,Joe
113,Flores,Denise
114,James,Richard
115,Hampton,Jacob
116,Scott,Bryan
117,Nguyen,Tiffany
118,Fowler,Joseph
119,Aguilar,James
120,Banks,Brent
121,Smith,Mark
122,Fisher,Albert
123,Simpson,Melissa
124,Richardson,David
125,Logan,Pamela
126,Johnson,Frederick
127,Harper,Kristopher
128,Holmes,Jessica
129,Miller,Linda
130,Santos,Scott
131,Graham,Eugene
132,Stevens,Amy
133,Harris,Bryan
134,Hernandez,Justin
135,Morgan,Lacey
136,Lowe,Leslie
137,Vaughn,Edward
138,White,Jared
139,Gonzalez,Sean
140,Cardenas,Manuel
141,Moreno,Larry
142,Brooks,Kevin
143,Clark,Donald
144,Arnold,Roy
145,Soto,Katherine
146,Gibson,Dylan
147,Petersen,Jeffrey
148,Hernandez,Robert
149,Hunt,Cory
150,Blankenship,Joshua
151,Stafford,Gabrielle
152,Lopez,Sarah
153,Bates,Richard
154,Watson,Crystal
155,Molina,Christine
156,Thompson,Julie
157,Kennedy,Scott
158,Simmons,Annette
159,Goodman,Charles
160,Mendoza,Curtis
161,Scott,Kenneth
162,Pollard,Andrew
163,Hernandez,Traci
164,Williams,Alyssa
165,Levy,Thomas
166,Murray,Sharon
167,Frank,Jacob
168,Ellison,Kurt
169,Martin,Jennifer
170,Kelly,Amanda
171,Jones,Amy
172,Harrison,Jerry
173,Pitts,Vanessa
174,Tran,Eileen
175,Kline,Danielle
176,Ramirez,Chad
177,Chapman,James
178,Rogers,Zachary
179,Simmons,Brittany
180,Campbell,Andrea
181,Turner,Dennis
182,Rogers,Christopher
183,Haas,Daisy
184,Brooks,Evan
185,Lee,John
186,Quinn,Megan
187,Pennington,David
188,Drake,Cathy
189,Barrett,Kimberly
190,Ramirez,Amber
191,Alexander,Adam
192,Alvarez,Thomas
193,Adams,Cameron
194,Garcia,Jerome
195,Jordan,Donald
196,Ball,Danielle
197,Santiago,Cheyenne
198,Henson,Kristina
199,Wu,Jason
200,Silva,Dennis
201,Valencia,Rachael
202,Sullivan,Crystal
203,Taylor,Patrick
204,Torres,Anne
205,Gonzales,Jessica
206,Norman,Andrew
207,Hall,Jordan
208,Haynes,David
209,Evans,Joshua
210,Bates,Daniel
211,Rios,Patrick
212,Brooks,Jennifer
213,Haynes,Steven
214,Watts,Erin
215,Smith,Jeremy
216,Jones,Rhonda
217,Eaton,Colleen
218,Payne,Sara
219,Hampton,Claudia
220,Hanson,Wayne
221,Guerrero,James
222,Jones,Barbara
223,Schultz,John
224,Ruiz,Jeffrey
225,Simpson,Katherine
226,Day,Gary
227,Kim,Eric
228,Martinez,Steven
229,Gonzalez,Mark
230,Little,Luke
231,Gordon,Jeremy
232,Whitehead,Patricia
233,Tate,Lori
234,Roberts,Brian
235,Wagner,Carl
236,Robinson,Stephen
237,Williams,Zachary
238,Benton,Christina
239,Kelly,Andrew
240,Williams,Anthony
241,Garcia,Kayla
242,Collins,Alejandro
243,Wilson,Kristi
244,Cain,Austin
245,Sellers,Timothy
246,Adkins,Nancy
247,Peterson,Mark
248,Ryan,Debra
249,Scott,Jade
250,Mendoza,Timothy
251,Flores,Ashley
252,Garcia,Amber
253,Hobbs,Matthew
254,Garrison,Jeffrey
255,Williams,David
256,Wagner,Robert
257,Charles,Alexis
258,Lane,Stacey
259,Roberts,Jasmine
260,Mcdaniel,Carrie
261,Parker,Donald
262,Lewis,Dana
263,Webb,Michael
264,Reid,Peter
265,Archer,Laura
266,Christensen,Tammie
267,Mccoy,Donald
268,Gardner,Marissa
269,Murillo,Stephanie
270,Harrison,Patrick
271,Perry,Teresa
272,Gibson,Michelle
273,Johnson,Joanne
274,Reed,Ashley
275,Ross,Bethany
276,Mann,Christopher
277,Cain,Adam
278,Baldwin,Amanda
279,Johns,Alexis
280,Mccoy,Carl
281,Rose,Alexandra
282,Torres,Jason
283,Brown,Chelsey
284,Bird,Yvonne
285,Huerta,John
286,Murphy,Caleb
287,Solis,Amanda
288,Mitchell,Tiffany
289,Hunt,Jason
290,Garcia,Charles
291,Morris,Jennifer
292,Harris,Krystal
293,Hartman,Jason
294,Herrera,Jessica
295,Mcmillan,Teresa
296,Sloan,George
297,Berry,Kelly
298,Davis,Justin
299,Ramos,Anthony
300,Jordan,Brittany
301,Jones,Timothy
302,Baker,Kevin
303,Smith,Michelle
304,Melton,Cheryl
305,Sanders,Raymond
306,Blackwell,Sherry
307,Evans,Alex
308,Hernandez,Charles
309,Weeks,Sarah
310,Martinez,Kristine
311,Mendoza,Rebecca
312,Hubbard,Jennifer
313,Williams,Susan
314,Taylor,Sarah
315,Morgan,Karen
316,Rivera,Tony
317,Wall,Amy
318,Taylor,Maria
319,Warren,Shannon
320,Hale,Evan
321,Hutchinson,Jody
322,Jones,Zachary
323,Conley,Brent
324,Hamilton,Jennifer
325,Williams,James
326,Buckley,Rachael
327,Brown,Justin
328,Rodriguez,Jennifer
329,Ramos,Robert
330,Burton,Drew
331,Schmidt,Mike
332,Rice,Vincent
333,Dawson,Travis
334,Blankenship,Ralph
335,Hunt,Stanley
336,Brown,Gabriel
337,Mitchell,Manuel
338,Medina,Christine
339,Davis,Richard
340,Smith,Dennis
341,Fisher,Bryan
342,Howell,Tiffany
343,Santana,Jason
344,Walker,Heather
345,Bonilla,Kelly
346,Russell,Troy
347,Anderson,Margaret
348,Wallace,Douglas
349,Davis,Lisa
350,Swanson,Melinda
351,Hurst,Amy
352,Blair,Margaret
353,Hoover,Lynn
354,Silva,Michael
355,Smith,Laura
356,Ward,Nicole
357,Murray,Sean
358,Foster,Ashley
359,Harvey,Mark
360,Doyle,Michael
361,Hampton,Kyle
362,Francis,Amber
363,Henderson,Brandi
364,Howell,Michael
365,Robinson,Debbie
366,Romero,Scott
367,Schultz,Steven
368,Johnson,Larry
369,Valentine,Christopher
370,Holt,Christopher
371,Rodriguez,Amanda
372,Phillips,Christine
373,Winters,Shelley
374,Lopez,Susan
375,Jones,Jacob
376,Livingston,Ana
377,Smith,Randy
378,Johnson,Nicole
379,Robinson,William
380,Hamilton,Edward
381,Reynolds,Gabriela
382,Sanchez,Jennifer
383,Park,Karen
384,Hill,Grace
385,Bradley,James
386,Young,Michael
387,Romero,Jeffrey
388,Kennedy,Bethany
389,Morton,Phillip
390,Gibbs,Frank
391,Heath,Jacob
392,Baldwin,Hunter
393,Hamilton,Olivia
394,Brown,Deanna
395,Jones,Connie
396,Stewart,Beverly
397,Marks,Connie
398,Palmer,Amanda
399,Rosario,Jesus
400,White,Glenn
401,Tran,Karen
402,Ellis,Richard
403,Rosales,James
404,Wallace,Joshua
405,Montoya,Shannon
406,Davis,Joyce
407,Le,Melissa
408,Martinez,Juan
409,Cook,Gregory
410,Hall,Catherine
411,Anthony,David
412,Adams,Mckenzie
413,Martinez,Shawn
414,Smith,Dana
415,Le,Natasha
416,Martinez,Michelle
417,Duncan,Angela
418,Carrillo,Matthew
419,White,Lisa
420,Miller,Yolanda
421,Newman,Brandon
422,Reed,Vickie
423,Perry,Matthew
424,Campbell,Shannon
425,Owens,Angela
426,Anderson,Caleb
427,Wilson,Denise
428,Lee,Blake
429,Mayer,Brian
430,Brady,Taylor
431,Smith,April
432,Malone,Jeremy
433,Martinez,Susan
434,Young,Mary
435,Everett,Brittany
436,Edwards,Tonya
437,Mckenzie,Victoria
438,Carlson,Derrick
439,Irwin,Sarah
440,Smith,Kimberly
441,Moore,Jennifer
442,Wade,Stephanie
443,Johnson,Fred
444,Diaz,Elizabeth
445,Williams,Megan
446,Meyer,Eric
447,Smith,Erin
448,Bennett,Juan
449,Walters,Paul
450,Garcia,Michele
451,Johnson,Ray
452,Phillips,Virginia
453,Shah,Joshua
454,Simon,Tanya
455,Collier,Robert
456,Pham,Erica
457,Frazier,Michael
458,Ramirez,Amy
459,Dalton,Jeremiah
460,Miller,Richard
461,Garcia,Andrew
462,Wolf,Richard
463,Moore,Gina
464,Gonzalez,Tanya
465,Meza,Amanda
466,Hicks,Daniel
467,Stewart,Rachel
468,Holmes,Karen
469,Blackwell,Amy
470,Green,Cheryl
471,Johnson,Christina
472,Villarreal,Kenneth
473,Mason,Tyler
474,Campbell,Patty
475,Fernandez,Sarah
476,Williams,James
477,Peterson,Carol
478,Orr,Paige
479,Kennedy,Anthony
480,Brady,Jose
481,Russell,Wanda
482,Cain,Mario
483,Wright,Daniel
484,Cox,Amy
485,Wilson,Lindsay
486,Henry,Philip
487,Hayes,Megan
488,Riley,Scott
489,Hayes,Joshua
490,Becker,Anthony
491,Harrington,Andrea
492,Wallace,Lisa
493,Lopez,Robert
494,Fields,Tony
495,Clark,John
496,Johnson,Lisa
497,Moore,Ann
498,Lin,Raymond
499,Harvey,Ryan
500,Williams,Kelly
501,Herrera,Angela
502,Page,Samantha
503,Dickerson,Katelyn
504,Myers,Jonathan
505,Hobbs,Trevor
506,Hancock,John
507,Thompson,Jessica
508,Richards,Jill
509,Frederick,Roger
510,Short,Timothy
511,Barnes,Julie
512,Sweeney,Stacy
513,Johnson,Austin
514,Davis,Anita
515,Lang,Anthony
516,Hodge,Melissa
517,Faulkner,Felicia
518,Rojas,Ann
519,Salinas,Marc
520,Watson,Brittany
521,Cunningham,Charles
522,Strong,Anthony
523,Michael,Laura
524,Spencer,David
525,Mcdonald,Dominic
526,Wilson,Stacey
527,Miller,Ryan
528,Decker,Randy
529,Patton,Tara
530,Thomas,John
531,White,James
532,Ortiz,Pamela
533,Parsons,Sandra
534,Morris,Tristan
535,Willis,Christine
536,Foster,Ashley
537,Silva,Richard
538,Wright,Joanna
539,Walton,Barbara
540,Johnson,Michael
541,Castro,Mary
542,Sullivan,Kendra
543,Mason,Russell
544,Robertson,Lindsay
545,Hunter,Samantha
546,Mcmahon,Allison
547,Holloway,Luis
548,Cole,Julie
549,Berg,Brianna
550,White,Paul
551,Williams,Lori
552,Perry,Laura
553,Mann,Joseph
554,Allen,Angela
555,Reyes,Jeff
556,Hall,Charles
557,Wagner,Christina
558,Smith,Michael
559,Cook,Joshua
560,Wong,Victor
561,Martinez,Jessica
562,Freeman,Jacob
563,Davidson,Robert
564,Mcmahon,Todd
565,Perkins,James
566,Randolph,Laura
567,Smith,Karen
568,Edwards,Isaac
569,Lewis,Olivia
570,Acosta,Joel
571,Estrada,Erin
572,Wang,Daniel
573,Herman,Michael
574,Cain,Jerry
575,Davis,Devin
576,Guerra,Christina
577,Sullivan,Jeremiah
578,Rangel,Joshua
579,Mills,Sarah
580,Johnson,Debra
581,Andrews,Amanda
582,Becker,Jason
583,Vega,Alexander
584,Long,Christopher
585,Gordon,Gerald
586,Grimes,Joseph
587,Price,Rachael
588,Walker,Douglas
589,Watson,Lori
590,Schmidt,Trevor
591,Lawrence,Ryan
592,Harris,April
593,Schmidt,James
594,Dean,Patrick
595,Ford,Jeffrey
596,Young,Brent
597,White,Jennifer
598,Miller,Howard
599,Palmer,Ashley
600,Patel,Christopher
601,Thompson,Elizabeth
602,Whitney,Sarah
603,Walters,Shelly
604,Noble,Nancy
605,Walters,Brittney
606,Cruz,Jonathan
607,Martin,Sherri
608,Boyd,Kevin
609,Carlson,Emily
610,Bray,Debra
611,White,Robert
612,Miller,Cynthia
613,Wagner,Rachel
614,Hayes,Barry
615,Ware,Alan
616,Richards,Alicia
617,Robinson,Linda
618,Proctor,Johnny
619,Cherry,Sherry
620,Taylor,Rachel
621,Fischer,Richard
622,Hicks,Sydney
623,Rose,Kathryn
624,Lang,Teresa
625,Gilbert,Elizabeth
626,Ellison,Mark
627,Cook,Michael
628,Snyder,Shawn
629,Love,Megan
630,Mcknight,Matthew
631,Odonnell,Helen
632,Smith,Debra
633,Jones,Cheryl
634,Flores,Stephanie
635,Sharp,Stephanie
636,Levy,James
637,Brown,Jessica
638,Carter,Nathan
639,Graham,David
640,Cruz,Gina
641,Hunter,Darin
642,Hanna,Michael
643,Smith,Adam
644,Mcdonald,Heather
645,Hobbs,Gary
646,Lewis,Gary
647,Bishop,Sarah
648,Barker,Melinda
649,Wilkerson,Peter
650,Sanchez,William
651,Harris,Candice
652,Rivera,Andrea
653,Wilson,Jane
654,Gomez,Ellen
655,Nicholson,Heather
656,Richards,Lindsey
657,Clements,Carmen
658,White,Lauren
659,Franco,Scott
660,Hall,Christopher
661,Wright,Thomas
662,Carter,Randy
663,Braun,Frank
664,Jackson,Miranda
665,Acevedo,Donald
666,Cortez,Joe
667,Anderson,Justin
668,Morris,Amy
669,Vang,Sarah
670,Hughes,Andrew
671,Villarreal,James
672,Moreno,Jerry
673,Miller,Amy
674,Smith,Jose
675,Hanna,Jason
676,Ward,Michael
677,Jarvis,Meagan
678,Chase,Cynthia
679,Adkins,Alexandra
680,Salas,Ann
681,Watson,Thomas
682,Riddle,Tom
683,Rodriguez,David
684,Clark,Elizabeth
685,Wilson,Danny
686,Webb,Sara
687,Mejia,Audrey
688,Knox,Rachel
689,Thompson,Scott
690,Little,Sheila
691,Collins,Lori
692,Munoz,John
693,Mcpherson,Kayla
694,Brown,John
695,Payne,Matthew
696,Davenport,Rachel
697,Newman,Shannon
698,Jones,Brandi
699,Wilson,Shawn
700,Moreno,Shannon
701,Smith,Garrett
702,Hoover,Christopher
703,Castro,Cheryl
704,Jacobson,Richard
705,Beard,Rebecca
706,Smith,William
707,Morgan,Peter
708,Bryant,Steve
709,Beck,David
710,Barnett,Erin
711,Acosta,Shannon
712,Sherman,Carrie
713,Bush,Nancy
714,Wong,Roger
715,Moon,Bruce
716,Bishop,Christian
717,Rogers,Miranda
718,Smith,Diana
719,Anderson,Tara
720,Kent,Michael
721,Davis,Erik
722,Moore,Jennifer
723,Wilcox,Michelle
724,Phelps,Pamela
725,Hickman,Melissa
726,James,Steven
727,Chapman,Linda
728,Robertson,John
729,Bradford,Brandon
730,Hutchinson,Brooke
731,Vargas,Rebecca
732,Rivera,Timothy
733,Davis,Brian
734,Baldwin,Tamara
735,Gray,Luke
736,Sharp,Nathaniel
737,Ballard,Ashley
738,Jensen,Teresa
739,Smith,Patricia
740,Bailey,Bryan
741,Fleming,Matthew
742,Smith,Julie
743,Smith,David
744,Booker,Crystal
745,Price,Richard
746,King,Alexandra
747,Logan,Andrew
748,Goodman,Marissa
749,Barnes,Grace
750,Perez,Austin
751,Bradley,Scott
752,Richmond,Anna
753,Kelly,Cody
754,Baker,Samantha
755,Morris,Kathryn
756,Potts,Michelle
757,Edwards,Michael
758,Mccarthy,Stephanie
759,Osborne,Brandon
760,Jones,Roger
761,Rangel,Ralph
762,Burns,Elizabeth
763,Williams,Walter
764,Green,Benjamin
765,Young,Michael
766,Watson,Brian
767,Gibson,Douglas
768,Bush,Shelly
769,White,Krystal
770,Wang,Barbara
771,Wallace,Ronald
772,Dennis,Brittany
773,Reynolds,Maria
774,Mcconnell,Clinton
775,Payne,Anthony
776,Oconnell,Eddie
777,Garcia,Ashley
778,Rivas,Justin
779,Weaver,Linda
780,Norris,Nathan
781,Price,Timothy
782,Rosales,Bryan
783,Garcia,David
784,Rivas,Kevin
785,Coleman,Nicholas
786,Ortiz,Dawn
787,Medina,Jacob
788,Frost,Gerald
789,Hill,Dean
790,Jones,Laura
791,Bright,Jennifer
792,Garcia,Donna
793,Price,Hector
794,Robinson,Alicia
795,Wilson,Jenna
796,Lowe,Alyssa
797,Holt,Tiffany
798,Smith,Julia
799,Phillips,Tina
800,Moore,Tammy
801,Harrington,Lisa
802,Massey,Michele
803,Huff,Jeffrey
804,Gilbert,Jessica
805,Johnson,Frederick
806,Harrison,Melissa
807,Fischer,Ryan
808,Robinson,Kristy
809,Esparza,Adam
810,Jones,Kevin
811,Knapp,Jacob
812,Hodges,Kristine
813,Harmon,Natalie
814,Henson,Carol
815,Hartman,Emily
816,Daniel,Travis
817,Knight,Thomas
818,Wiggins,Matthew
819,Ward,Pamela
820,Matthews,Daniel
821,Adams,John
822,Peck,Steven
823,Garcia,Brianna
824,Hopkins,Samantha
825,Taylor,Amy
826,Johnston,Jay
827,Weiss,Paige
828,Casey,Shelley
829,Webb,Michael
830,Serrano,Claudia
831,Martin,Lisa
832,King,Sara
833,Melendez,Carl
834,Bridges,Kim
835,Lewis,Michael
836,Allen,Lisa
837,Andrade,Melissa
838,Perez,Kurt
839,Carroll,April
840,Hill,Fernando
841,Martinez,Heather
842,Russell,Priscilla
843,Hill,Chelsea
844,Ross,Jean
845,Smith,Travis
846,Castro,Dawn
847,Johnson,Stephen
848,Hughes,Ashley
849,Moore,Michael
850,Stewart,Cynthia
851,Vazquez,Wendy
852,Welch,Jonathan
853,Hester,James
854,Zimmerman,David
855,Farrell,Steven
856,Anderson,Laura
857,Howard,Courtney
858,Wilson,Eric
859,Ortiz,Katherine
860,Keller,Janet
861,Hodge,Miguel
862,Day,Teresa
863,Rice,Gwendolyn
864,Williams,Tina
865,Pope,Tammy
866,Carpenter,Brett
867,Fitzpatrick,Amy
868,Fitzgerald,Jessica
869,Garcia,Michelle
870,Harris,Eric
871,Atkinson,Aimee
872,Davila,Connie
873,Allen,Angela
874,Stanley,Joseph
875,Russell,Desiree
876,Gates,Bobby
877,Perez,Peter
878,Bernard,April
879,Fuentes,James
880,Robertson,Barbara
881,Lee,Michelle
882,Peters,Courtney
883,Kaiser,Emily
884,Dennis,Lauren
885,Jones,Gregory
886,Vaughn,Monica
887,Rodriguez,Aaron
888,Parker,Adrian
889,Smith,Andrew
890,Cooper,Michael
891,Duke,Jennifer
892,Donovan,Jamie
893,Floyd,John
894,Ali,Stephanie
895,Bentley,Elizabeth
896,Moore,David
897,Hughes,Maria
898,Fuller,John
899,Jones,Latasha
900,Mckay,Carrie
901,Ellis,Cindy
902,Smith,Joseph
903,Miller,John
904,Mclean,Ashley
905,Patel,Alyssa
906,Boyd,Stephanie
907,Jones,Amanda
908,Parker,Mark
909,Hoffman,Elizabeth
910,Stewart,Lawrence
911,Rodriguez,Abigail
912,Lopez,Paula
913,Rivera,Antonio
914,Mosley,Steven
915,Martinez,Carla
916,Peck,Joanna
917,Mays,Dominique
918,Rodriguez,Diane
919,Clayton,Christie
920,Sanchez,Jessica
921,Bell,Kathleen
922,Grimes,Brandy
923,Mejia,Guy
924,Mclaughlin,Alexander
925,Wu,Douglas
926,Gomez,Shannon
927,Olsen,April
928,Frey,Darryl
929,Walls,April
930,Williams,Patricia
931,Singleton,Kelly
932,Nolan,Nicholas
933,Love,Carolyn
934,Brown,Kathleen
935,Rubio,Anthony
936,Mcbride,Carolyn
937,Adams,Mary
938,Garcia,Rebecca
939,Norman,Miguel
940,Wilson,Brooke
941,Simpson,Henry
942,Willis,Michelle
943,Nelson,Michelle
944,Phillips,Kristin
945,Green,Stephanie
946,Harvey,Anne
947,Warren,Margaret
948,Cunningham,Samantha
949,Martin,Emma
950,Watson,Andrea
951,Williams,Terri
952,Brown,Joshua
953,Figueroa,Ashley
954,Patel,Gregory
955,Smith,Kerry
956,Brown,Debbie
957,Schwartz,Jesse
958,Harris,Cody
959,Johnson,Emily
960,Clark,Jimmy
961,Ward,Rebecca
962,Hart,Jacob
963,Potter,Elizabeth
964,Brown,Cameron
965,Reed,Tara
966,Thompson,Colleen
967,Rodriguez,Cassandra
968,Hayes,Caleb
969,Harris,Tracy
970,Bauer,Christopher
971,Figueroa,Nicole
972,Walker,Barbara
973,Johnson,Sabrina
974,Miller,William
975,Aguilar,Charles
976,Smith,Mary
977,Medina,Brittany
978,Warner,Jennifer
979,Jackson,Patrick
980,Harrison,Andrew
981,Lee,David
982,Hunt,Kristi
983,Norton,Steve
984,Espinoza,Scott
985,Anderson,Jasmine
986,Fox,Jared
987,Clark,Caitlin
988,Chen,Stacey
989,Martinez,Cheryl
990,Townsend,Sarah
991,Moreno,Peter
992,Jones,Jamie
993,Smith,Shane
994,Coffey,Lisa
995,Lyons,Lori
996,Kelly,Jocelyn
997,Rivas,Tracy
998,Andrews,Shannon
999,Brown,Colleen
1000,Morales,Joanne
